rival_n,input_deck_code,input_factions,input_total_cards,coverage_pct,cluster_assigned,dist_centroid,recommended_deck,recommended_player,recommended_rank,recommended_score,recommended_factions
1,CQCACBQCBIBAKCR2WYAQEBICC4NAIAICBAHSYMIFAECAEDYBAUFNKAIBAUBBKAIGAIUAEAICBMXACAIIBIDA,Bandle City|F08|Ionia,40,65.0,1,16.4697,CUDACBQGDIAQMAAKAEDAEIQBAYBSEAIGA4CQCBQFAYDQCBQKDQAQMAALAEDAEGICAYAREIQCAYCAOCACAYGAKGQCAYDQIKAA,IntoTheDusk,135,1.0,Bandle City|Bilgewater|Demacia|Freljord|Ionia|Noxus|Piltover & Zaun|Runeterra|Shadow Isles|Shurima
2,CEBACBQBDUCACAISEYUCSBABAEBCSAIDAELACCABDACACAIBBMLB4CIBAEATOAICAECACAYBAIAQGAQIAEDACEQBAYBCAAIIAEJQEAICBMYQEBABBIGA,F08|F18|Freljord|Ionia|Noxus|Piltover & Zaun,38,81.6,1,11.1157,CUDACBQGDIAQMAAKAEDAEIQBAYBSEAIGA4CQCBQFAYDQCBQKDQAQMAALAEDAEGICAYAREIQCAYCAOCACAYGAKGQCAYDQIKAA,IntoTheDusk,135,1.0,Bandle City|Bilgewater|Demacia|Freljord|Ionia|Noxus|Piltover & Zaun|Runeterra|Shadow Isles|Shurima
3,CQBACBQKF4AQMCJIA4AQGCJNAECQUHIBA4EQOAIIAUJAECAJAMDAKBIJAIBQKBQNAYDASBQKEESSSKYA,Bandle City|Mount Targon|Shadow Isles,40,37.5,1,10.2785,CUDACBQGDIAQMAAKAEDAEIQBAYBSEAIGA4CQCBQFAYDQCBQKDQAQMAALAEDAEGICAYAREIQCAYCAOCACAYGAKGQCAYDQIKAA,IntoTheDusk,135,1.0,Bandle City|Bilgewater|Demacia|Freljord|Ionia|Noxus|Piltover & Zaun|Runeterra|Shadow Isles|Shurima
4,CQCACAIAGIAQQBISAEEQUAICBEAB6IQFAEAQKAIBAQAAMAIJAUGAECIKCIKAECIADYSAKAIBAAQACAIFB4AQOBICAIEQKDQPAYEQAIJHFAUSWLI,Bandle City|Demacia|F15|Freljord|Mount Targon|Shadow Isles,34,70.6,1,11.8559,CUDACBQGDIAQMAAKAEDAEIQBAYBSEAIGA4CQCBQFAYDQCBQKDQAQMAALAEDAEGICAYAREIQCAYCAOCACAYGAKGQCAYDQIKAA,IntoTheDusk,135,1.0,Bandle City|Bilgewater|Demacia|Freljord|Ionia|Noxus|Piltover & Zaun|Runeterra|Shadow Isles|Shurima
5,CECQCBACBYAQMAQJAIAQEBQJAMAQKFIXGECQMBIMBYIBIJQCAEBQEFABAYCQ2AA,Ionia|Shadow Isles,40,87.5,1,10.1775,CUDACBQGDIAQMAAKAEDAEIQBAYBSEAIGA4CQCBQFAYDQCBQKDQAQMAALAEDAEGICAYAREIQCAYCAOCACAYGAKGQCAYDQIKAA,IntoTheDusk,135,1.0,Bandle City|Bilgewater|Demacia|Freljord|Ionia|Noxus|Piltover & Zaun|Runeterra|Shadow Isles|Shurima
6,CEBAGBQAAYKSEBIGAUGBAFBGFYCQCAIFGEAQIAADAEDAAGABA4AAKAYGAUBQ2DQCAEDAAHABAYCQO,Bilgewater|Demacia|Freljord|Shadow Isles,40,80.0,1,10.1576,CUDACBQGDIAQMAAKAEDAEIQBAYBSEAIGA4CQCBQFAYDQCBQKDQAQMAALAEDAEGICAYAREIQCAYCAOCACAYGAKGQCAYDQIKAA,IntoTheDusk,135,1.0,Bandle City|Bilgewater|Demacia|Freljord|Ionia|Noxus|Piltover & Zaun|Runeterra|Shadow Isles|Shurima
7,CEBQCCADBEAQQBJKAICAKNRXAYAQIBIDAEEQKDICBABRSHADAECQCBBRAMDAKJRNFYBQQBIHEUUQEAIBAUHQCBQFA4,Freljord|Noxus|Shadow Isles,40,82.5,1,14.3118,CUDACBQGDIAQMAAKAEDAEIQBAYBSEAIGA4CQCBQFAYDQCBQKDQAQMAALAEDAEGICAYAREIQCAYCAOCACAYGAKGQCAYDQIKAA,IntoTheDusk,135,1.0,Bandle City|Bilgewater|Demacia|Freljord|Ionia|Noxus|Piltover & Zaun|Runeterra|Shadow Isles|Shurima
8,CUCQCAIFGEAQOBICAEEAKFICAYFBUHYCAYER2LYFAEAQKIABAYGACAIGAUWQCCIFBUBAQBISFIBQCCAFFEBAIBIQCECACBIBAMOSC,Bandle City|F08|F16|Ionia|Mount Targon|Runeterra|Shadow Isles,36,77.8,1,13.0348,CUDACBQGDIAQMAAKAEDAEIQBAYBSEAIGA4CQCBQFAYDQCBQKDQAQMAALAEDAEGICAYAREIQCAYCAOCACAYGAKGQCAYDQIKAA,IntoTheDusk,135,1.0,Bandle City|Bilgewater|Demacia|Freljord|Ionia|Noxus|Piltover & Zaun|Runeterra|Shadow Isles|Shurima
9,CQCQCAIFAEAQKBIDAEDAKLQCAQCTKNYCBACQOKQGAEDAKLIBBABRYAIJBIKAEAIFEAYQEBAFAQ3AECAFCIUQCAIEAU4A,Bandle City|Noxus|Piltover & Zaun|Shadow Isles,40,82.5,1,14.3572,CUDACBQGDIAQMAAKAEDAEIQBAYBSEAIGA4CQCBQFAYDQCBQKDQAQMAALAEDAEGICAYAREIQCAYCAOCACAYGAKGQCAYDQIKAA,IntoTheDusk,135,1.0,Bandle City|Bilgewater|Demacia|Freljord|Ionia|Noxus|Piltover & Zaun|Runeterra|Shadow Isles|Shurima
10,CEBQCCABCMBAKBACAYCACBAIDE2DUBYBAMAQEAIDAQFQCBABBIAQOBARAEEAIGACAEAQIKQCAUCAUDQBAEAQCHQ,Freljord|Piltover & Zaun,40,100.0,1,14.6977,CUDACBQGDIAQMAAKAEDAEIQBAYBSEAIGA4CQCBQFAYDQCBQKDQAQMAALAEDAEGICAYAREIQCAYCAOCACAYGAKGQCAYDQIKAA,IntoTheDusk,135,1.0,Bandle City|Bilgewater|Demacia|Freljord|Ionia|Noxus|Piltover & Zaun|Runeterra|Shadow Isles|Shurima
11,CQCQCCAKAUAQQBAYAIDQUCIUAMCQIAQGBICACBAIDE2DUAYBAUFEMAIFAQHACBYECEAQCBIKUQAQ,Bandle City|Piltover & Zaun|Shadow Isles,40,100.0,1,15.3992,CUDACBQGDIAQMAAKAEDAEIQBAYBSEAIGA4CQCBQFAYDQCBQKDQAQMAALAEDAEGICAYAREIQCAYCAOCACAYGAKGQCAYDQIKAA,IntoTheDusk,135,1.0,Bandle City|Bilgewater|Demacia|Freljord|Ionia|Noxus|Piltover & Zaun|Runeterra|Shadow Isles|Shurima
12,CUCQCAIECQAQGBATAEDAUKYBA4GA6AQBAEEBABIBAEASWAIBAMRACCIBBIAQSBYMAMCAOMJ3NUEACAIAGEAQCAQFAEAQKJIBAIDAUAICAEBQCAYJE4AQKCUMAEAQMAIV,Bandle City|Freljord|Ionia|Mount Targon|Noxus|Piltover & Zaun|Runeterra|Shadow Isles|Shurima,40,67.5,0,15.4821,CUDQCAQBAMAQGBATAEDAUKYBA4EQCAIHBQHQGAIBBAIBSAYDBERTGVICAEAQGIQBAMEROAYBAECBIAIDBEGQCBQBCU,Sartiga,249,0.664,Bandle City|F13|Freljord|Mount Targon|Noxus|Piltover & Zaun|Runeterra
13,CEBACCABDABACAJGE4DACAIFAEAQGAICAECACCQBA4CQEAIIAEJQMAIBAEFRMKBJG4DACAIFB4AQGAIWAEEAABQCAEAREHQCAQAQWEYCAYASIJQ,Demacia|F22|F30|Freljord|Shadow Isles,37,78.4,1,11.5537,CUDACBQGDIAQMAAKAEDAEIQBAYBSEAIGA4CQCBQFAYDQCBQKDQAQMAALAEDAEGICAYAREIQCAYCAOCACAYGAKGQCAYDQIKAA,IntoTheDusk,135,1.0,Bandle City|Bilgewater|Demacia|Freljord|Ionia|Noxus|Piltover & Zaun|Runeterra|Shadow Isles|Shurima
14,CIAAMAIFBEDACBYAAUBAIAAQCQBQCAANDI3QKAYAAIBQMCALAYBQSAYOEYZUQVYCAIBQAAIHAIBQSAQG,Demacia|Mount Targon|Noxus|Shurima,38,47.4,1,11.8037,CUDACBQGDIAQMAAKAEDAEIQBAYBSEAIGA4CQCBQFAYDQCBQKDQAQMAALAEDAEGICAYAREIQCAYCAOCACAYGAKGQCAYDQIKAA,IntoTheDusk,135,1.0,Bandle City|Bilgewater|Demacia|Freljord|Ionia|Noxus|Piltover & Zaun|Runeterra|Shadow Isles|Shurima
15,CIBQCBYGFMBQMBQGCAOAGCAGAIEAUAYCBADA6FYDBACAMCITAQDAMCY6EMUACAIIAYEQ,Bilgewater|F08|Piltover & Zaun,40,75.0,1,25.5132,CUDACBQGDIAQMAAKAEDAEIQBAYBSEAIGA4CQCBQFAYDQCBQKDQAQMAALAEDAEGICAYAREIQCAYCAOCACAYGAKGQCAYDQIKAA,IntoTheDusk,135,1.0,Bandle City|Bilgewater|Demacia|Freljord|Ionia|Noxus|Piltover & Zaun|Runeterra|Shadow Isles|Shurima
16,CQCACBIKP4AQKAAMAEEASAYFBEFACAYMBUKAMAIBAANACAQAAEAQKCRRAEDAABQBA4FASAIJBIJAIAIFBIAQCBYAAUAQSCQEAEEQALI,Bandle City|Demacia|Freljord|Mount Targon|Shadow Isles,40,97.5,1,14.292,CUDACBQGDIAQMAAKAEDAEIQBAYBSEAIGA4CQCBQFAYDQCBQKDQAQMAALAEDAEGICAYAREIQCAYCAOCACAYGAKGQCAYDQIKAA,IntoTheDusk,135,1.0,Bandle City|Bilgewater|Demacia|Freljord|Ionia|Noxus|Piltover & Zaun|Runeterra|Shadow Isles|Shurima
17,CEBQCCABDABACAIWGADACBAMDQTCQLJWAMAQCBBUAEBQICYEAEAQWJRIFEAQCAQEAY,Freljord|Ionia|Piltover & Zaun,40,100.0,1,12.3321,CUDACBQGDIAQMAAKAEDAEIQBAYBSEAIGA4CQCBQFAYDQCBQKDQAQMAALAEDAEGICAYAREIQCAYCAOCACAYGAKGQCAYDQIKAA,IntoTheDusk,135,1.0,Bandle City|Bilgewater|Demacia|Freljord|Ionia|Noxus|Piltover & Zaun|Runeterra|Shadow Isles|Shurima
18,CQBQCAYCAIAQMCIIAIEQENJXBAAQKCICAEEAUBQBBABBGAIJAI5AEAYCCIKAEBQCEQTAGAYJC4RVQAYGBEDAUKYA,Bandle City|Ionia|Mount Targon,40,90.0,1,18.6679,CUDACBQGDIAQMAAKAEDAEIQBAYBSEAIGA4CQCBQFAYDQCBQKDQAQMAALAEDAEGICAYAREIQCAYCAOCACAYGAKGQCAYDQIKAA,IntoTheDusk,135,1.0,Bandle City|Bilgewater|Demacia|Freljord|Ionia|Noxus|Piltover & Zaun|Runeterra|Shadow Isles|Shurima
19,CMCACAIFAEAQOBIKAEEAKKQHAYCQODAQCYOCMLQEAEAQKDYBAYDTQAIHAUBAEBQFBUWQA,Shadow Isles|Shurima,40,62.5,1,10.0695,CUDACBQGDIAQMAAKAEDAEIQBAYBSEAIGA4CQCBQFAYDQCBQKDQAQMAALAEDAEGICAYAREIQCAYCAOCACAYGAKGQCAYDQIKAA,IntoTheDusk,135,1.0,Bandle City|Bilgewater|Demacia|Freljord|Ionia|Noxus|Piltover & Zaun|Runeterra|Shadow Isles|Shurima
20,CQCACAQGFYBAGCJDGMBAKCQUDUBQMCIRFE2AGAIHBIEQEBQJB4VQKBIKGFBK4ANUAHKQCAA,Bandle City|Bilgewater|Mount Targon,40,50.0,1,9.0797,CUDACBQGDIAQMAAKAEDAEIQBAYBSEAIGA4CQCBQFAYDQCBQKDQAQMAALAEDAEGICAYAREIQCAYCAOCACAYGAKGQCAYDQIKAA,IntoTheDusk,135,1.0,Bandle City|Bilgewater|Demacia|Freljord|Ionia|Noxus|Piltover & Zaun|Runeterra|Shadow Isles|Shurima
21,CUDACAIADUAQEAACAECQADABAYCAQAIGA4CAKBQABMIRKGA5AMAQMAAKAEDACEQBAYGBUAYBAIAAMAIGBEDAEBQACINQ,Bilgewater|Demacia|Freljord|Ionia|Piltover & Zaun|Runeterra|Shurima,39,84.6,1,17.6826,CUDACBQGDIAQMAAKAEDAEIQBAYBSEAIGA4CQCBQFAYDQCBQKDQAQMAALAEDAEGICAYAREIQCAYCAOCACAYGAKGQCAYDQIKAA,IntoTheDusk,135,1.0,Bandle City|Bilgewater|Demacia|Freljord|Ionia|Noxus|Piltover & Zaun|Runeterra|Shadow Isles|Shurima
22,CECQCCABCMAQQBAYAIAQCBA6AICQIAQGAQAQICAZGQ5AIAIBAEAQCAYBAIAQGBALAICQICQOAA,Freljord|Piltover & Zaun,40,100.0,1,14.4928,CUDACBQGDIAQMAAKAEDAEIQBAYBSEAIGA4CQCBQFAYDQCBQKDQAQMAALAEDAEGICAYAREIQCAYCAOCACAYGAKGQCAYDQIKAA,IntoTheDusk,135,1.0,Bandle City|Bilgewater|Demacia|Freljord|Ionia|Noxus|Piltover & Zaun|Runeterra|Shadow Isles|Shurima
23,CQCACBYKCQAQQCQFAICQIAQKAQAQICAZGQ5AMAIFBJDACBYKBEAQOBARAEEAIGABBEFBIAQFAQDA4AICAUFB3JAB,Bandle City|Piltover & Zaun|Shadow Isles,39,100.0,1,14.4823,CUDACBQGDIAQMAAKAEDAEIQBAYBSEAIGA4CQCBQFAYDQCBQKDQAQMAALAEDAEGICAYAREIQCAYCAOCACAYGAKGQCAYDQIKAA,IntoTheDusk,135,1.0,Bandle City|Bilgewater|Demacia|Freljord|Ionia|Noxus|Piltover & Zaun|Runeterra|Shadow Isles|Shurima
24,CEDACBACBYAQMAQJAEDAKJQBBECQ2AQBAIBQSBIBAUCAUFIXFIBACBQCC4BAMBIDB4AQCBQFCA,Bilgewater|Ionia|Shadow Isles,40,97.5,1,21.3692,CUDACBQGDIAQMAAKAEDAEIQBAYBSEAIGA4CQCBQFAYDQCBQKDQAQMAALAEDAEGICAYAREIQCAYCAOCACAYGAKGQCAYDQIKAA,IntoTheDusk,135,1.0,Bandle City|Bilgewater|Demacia|Freljord|Ionia|Noxus|Piltover & Zaun|Runeterra|Shadow Isles|Shurima
25,CEBQCAIDEYAQKBACAYAQICAKDE2DKOQFAEAQGJIBAICAUAIDAMJACCAEDABAKBAKCMCACAIDGMAQEAYKAEDAGJIBAYCC4,Bandle City|Freljord|Noxus|Piltover & Zaun,40,67.5,1,12.3469,CUDACBQGDIAQMAAKAEDAEIQBAYBSEAIGA4CQCBQFAYDQCBQKDQAQMAALAEDAEGICAYAREIQCAYCAOCACAYGAKGQCAYDQIKAA,IntoTheDusk,135,1.0,Bandle City|Bilgewater|Demacia|Freljord|Ionia|Noxus|Piltover & Zaun|Runeterra|Shadow Isles|Shurima
26,CEDACAIBAEAQEBAKAECACCQBA4CBCAQBAQEBSAYFAQBAMDIEAEAQIOQBBACBQAQBAECB4AQFAQFA4AIBAMCAW,Freljord|Noxus|Piltover & Zaun,40,97.5,1,16.6892,CUDACBQGDIAQMAAKAEDAEIQBAYBSEAIGA4CQCBQFAYDQCBQKDQAQMAALAEDAEGICAYAREIQCAYCAOCACAYGAKGQCAYDQIKAA,IntoTheDusk,135,1.0,Bandle City|Bilgewater|Demacia|Freljord|Ionia|Noxus|Piltover & Zaun|Runeterra|Shadow Isles|Shurima
27,CEBAGBQAAYKSEBQGAUGA4EAUEYXAKAIBAUYQCBAAAMAQMAAYAEDQABICAYCQGDIBAEDAKBY,Bilgewater|Demacia|Shadow Isles,40,77.5,1,9.84,CUDACBQGDIAQMAAKAEDAEIQBAYBSEAIGA4CQCBQFAYDQCBQKDQAQMAALAEDAEGICAYAREIQCAYCAOCACAYGAKGQCAYDQIKAA,IntoTheDusk,135,1.0,Bandle City|Bilgewater|Demacia|Freljord|Ionia|Noxus|Piltover & Zaun|Runeterra|Shadow Isles|Shurima
28,CIDACBAFB4AQMBRGAEDAKKYBBACR4AQCAUEAUBICAYLSOLBPHAAQGAQGDUPDKAIBAECQC,Bilgewater|Freljord|Shadow Isles,40,85.0,2,29.4003,CMCACBQGFUAQMBYFAQCAMAIDAUHQMBAHCMLECRCKKAAQCBAGAIBACBAGA4AQQAYM,Sigep0361,87,0.3714,Bilgewater|Freljord|Piltover & Zaun|Shurima
29,CIBACAQGCYBAEAYHBECACAQDBAAQMAZFAEEAMAQEAIDAICBNHYEQCBAGAIAQIAYWAEDAMKYBAYBSCAIHAYNQCBYDBYBACAYZEUBAEAYBAMDQEBQBBEIRIHZCE4,Bilgewater|F22|F27|Freljord|Noxus|Piltover & Zaun,32,50.0,1,10.4419,CUDACBQGDIAQMAAKAEDAEIQBAYBSEAIGA4CQCBQFAYDQCBQKDQAQMAALAEDAEGICAYAREIQCAYCAOCACAYGAKGQCAYDQIKAA,IntoTheDusk,135,1.0,Bandle City|Bilgewater|Demacia|Freljord|Ionia|Noxus|Piltover & Zaun|Runeterra|Shadow Isles|Shurima
30,CIBACAYAAIAQKCIGAYAQMCJLAEDQSAYCAEAA2GQCAQABAFADAMEQGDSXAQBQAAIGBAFQIAIGBEQQCBYJBEBQGAADA4GQGAYJAYKSM,Bilgewater|Demacia|Freljord|Mount Targon,36,50.0,1,11.1281,CUDACBQGDIAQMAAKAEDAEIQBAYBSEAIGA4CQCBQFAYDQCBQKDQAQMAALAEDAEGICAYAREIQCAYCAOCACAYGAKGQCAYDQIKAA,IntoTheDusk,135,1.0,Bandle City|Bilgewater|Demacia|Freljord|Ionia|Noxus|Piltover & Zaun|Runeterra|Shadow Isles|Shurima
